{"cameraMode":{"drawMode":0,"name":"Shaded","section":"Shading Mode"},"sceneLighting":false,"audioPlay":false,"sceneViewState":{"showFog":true,"showMaterialUpdate":false,"showSkybox":false,"showFlares":true,"showImageEffects":true,"showParticleSystems":true},"in2DMode":false,"pivot":{"x":-1.043405294418335,"y":7.667111873626709,"z":-7.9388203620910648},"rotation":{"x":0.31577444076538088,"y":0.49970293045043948,"z":-0.20209772884845735,"w":0.7808585166931152},"size":5.3600897789001469,"orthographic":false}