{"cameraMode":{"drawMode":0,"name":"Shaded","section":"Shading Mode"},"sceneLighting":true,"audioPlay":false,"sceneViewState":{"showFog":true,"showMaterialUpdate":false,"showSkybox":true,"showFlares":true,"showImageEffects":true,"showParticleSystems":true},"in2DMode":false,"pivot":{"x":-3.0126540660858156,"y":4.443972587585449,"z":4.3304643630981449},"rotation":{"x":0.030022306367754937,"y":-0.9690816402435303,"z":0.19320902228355409,"w":0.15049847960472108},"size":11.956474304199219,"orthographic":false}