{"cameraMode":{"drawMode":0,"name":"Shaded","section":"Shading Mode"},"sceneLighting":true,"audioPlay":false,"sceneViewState":{"showFog":true,"showMaterialUpdate":false,"showSkybox":true,"showFlares":true,"showImageEffects":true,"showParticleSystems":true},"in2DMode":false,"pivot":{"x":-35.89797592163086,"y":-20.863725662231447,"z":-13.048260688781739},"rotation":{"x":0.14522592723369599,"y":-0.811656653881073,"z":0.2275068610906601,"w":0.5180382132530212},"size":51.235450744628909,"orthographic":false}