{"cameraMode":{"drawMode":0,"name":"Shaded","section":"Shading Mode"},"sceneLighting":false,"audioPlay":false,"sceneViewState":{"showFog":true,"showMaterialUpdate":false,"showSkybox":false,"showFlares":true,"showImageEffects":true,"showParticleSystems":true},"in2DMode":false,"pivot":{"x":-4.349887371063232,"y":3.2801365852355959,"z":1.5784140825271607},"rotation":{"x":-0.000427891529398039,"y":-0.9994665384292603,"z":0.028786512091755868,"w":-0.015421737916767598},"size":4.025681972503662,"orthographic":false}