{"cameraMode":{"drawMode":0,"name":"Shaded","section":"Shading Mode"},"sceneLighting":false,"audioPlay":false,"sceneViewState":{"showFog":true,"showMaterialUpdate":false,"showSkybox":false,"showFlares":true,"showImageEffects":true,"showParticleSystems":true},"in2DMode":false,"pivot":{"x":-5.348177433013916,"y":5.938986301422119,"z":12.525716781616211},"rotation":{"x":-0.0031228491570800544,"y":-0.9962177872657776,"z":0.07665462046861649,"w":-0.04079747945070267},"size":2.8578836917877199,"orthographic":false}